{
	"format_version": "1.8.0",
	"animations": {
		"static pose": {
			"loop": true
		},
		"swim": {
			"loop": true,
			"animation_length": 0.79167,
			"bones": {
				"Marine": {
					"rotation": {
						"0.0": {
							"vector": [0, 0, 0]
						},
						"0.375": {
							"vector": [17.5, 0, 0]
						},
						"0.7917": {
							"vector": [0, 0, 0]
						}
					},
					"position": {
						"0.0": {
							"vector": [0, 0, 0]
						},
						"0.375": {
							"vector": [0, -0.3, 0]
						},
						"0.7917": {
							"vector": [0, 0, 0]
						}
					}
				},
				"BodyTop": {
					"rotation": {
						"0.0": {
							"vector": [0, 0, 0]
						},
						"0.4167": {
							"vector": [2.5, 0, 0]
						},
						"0.7917": {
							"vector": [0, 0, 0]
						}
					}
				},
				"Head": {
					"rotation": {
						"0.0": {
							"vector": [0, 0, 0]
						},
						"0.4583": {
							"vector": [10, 0, 0]
						},
						"0.7917": {
							"vector": [0, 0, 0]
						}
					}
				},
				"Arm1": {
					"rotation": {
						"0.0": {
							"vector": [0, 0, 0]
						},
						"0.2917": {
							"vector": [-53.40659, 12.60837, -18.19252]
						},
						"0.5": {
							"vector": [-16.82924, 8.96065, -2.47564]
						},
						"0.6667": {
							"vector": [-4.20893, -2.74638, -0.25212]
						},
						"0.7917": {
							"vector": [0, 0, 0]
						}
					}
				},
				"Arm2": {
					"rotation": {
						"0.0": {
							"vector": [0, 0, 0]
						},
						"0.2917": {
							"vector": [-75.98542, -7.97684, 7.84309]
						},
						"0.5": {
							"vector": [-11.9129, -2.86168, -1.24007]
						},
						"0.6667": {
							"vector": [-4.477, 3.91166, -0.8549]
						},
						"0.7917": {
							"vector": [0, 0, 0]
						}
					}
				},
				"Leg1": {
					"rotation": {
						"0.0": {
							"vector": [30, 0, 0]
						},
						"0.1667": {
							"vector": [42.5, 0, 0]
						},
						"0.3333": {
							"vector": [12.5, 0, 0]
						},
						"0.5": {
							"vector": [45, 0, 0]
						},
						"0.6667": {
							"vector": [20, 0, 0]
						},
						"0.7917": {
							"vector": [30, 0, 0]
						}
					}
				},
				"Leg2": {
					"rotation": {
						"0.0": {
							"vector": [27.5, 0, 0]
						},
						"0.1667": {
							"vector": [0, 0, 0]
						},
						"0.3333": {
							"vector": [40, 0, 0]
						},
						"0.5": {
							"vector": [15, 0, 0]
						},
						"0.6667": {
							"vector": [30, 0, 0]
						},
						"0.7917": {
							"vector": [27.5, 0, 0]
						}
					}
				}
			}
		},
		"water idle": {
			"loop": true,
			"animation_length": 1.70833,
			"bones": {
				"BodyTop": {
					"rotation": {
						"0.0": {
							"vector": [0, 0, 0]
						},
						"0.25": {
							"vector": [15, 0, 0]
						},
						"0.5417": {
							"vector": [-10, 0, 0]
						},
						"0.875": {
							"vector": [15, 0, 0]
						},
						"1.1667": {
							"vector": [-7.5, 0, 0]
						},
						"1.4167": {
							"vector": [15, 0, 0]
						},
						"1.7083": {
							"vector": [0, 0, 0]
						}
					}
				},
				"Head": {
					"rotation": {
						"0.0": {
							"vector": [0, 0, 0]
						},
						"0.25": {
							"vector": [-15, 0, 0]
						},
						"0.5417": {
							"vector": [10, 0, 0]
						},
						"0.875": {
							"vector": [-15, 0, 0]
						},
						"1.1667": {
							"vector": [10, 0, 0]
						},
						"1.4167": {
							"vector": [-15, 0, 0]
						},
						"1.7083": {
							"vector": [0, 0, 0]
						}
					}
				},
				"Arm1": {
					"rotation": {
						"0.0": {
							"vector": [0, 0, 0]
						},
						"0.25": {
							"vector": [0, 0, 45]
						},
						"0.5417": {
							"vector": [0, 0, 27.5]
						},
						"0.875": {
							"vector": [0, 0, -15]
						},
						"1.1667": {
							"vector": [0, 0, 45]
						},
						"1.4167": {
							"vector": [0, 0, 27.5]
						},
						"1.7083": {
							"vector": [0, 0, 0]
						}
					}
				},
				"Arm2": {
					"rotation": {
						"0.0": {
							"vector": [0, 0, 0]
						},
						"0.25": {
							"vector": [0, 0, -57.5]
						},
						"0.5417": {
							"vector": [0, 0, -37.5]
						},
						"0.875": {
							"vector": [0, 0, 22.5]
						},
						"1.1667": {
							"vector": [0, 0, -57.5]
						},
						"1.4167": {
							"vector": [0, 0, -37.5]
						},
						"1.7083": {
							"vector": [0, 0, 0]
						}
					}
				},
				"Leg1": {
					"rotation": {
						"0.0": {
							"vector": [0, 0, 0]
						},
						"0.25": {
							"vector": [15, 0, 0]
						},
						"0.5417": {
							"vector": [-12.5, 0, 0]
						},
						"0.875": {
							"vector": [15, 0, 0]
						},
						"1.1667": {
							"vector": [-12.5, 0, 0]
						},
						"1.4167": {
							"vector": [15, 0, 0]
						},
						"1.7083": {
							"vector": [-12.5, 0, 0]
						}
					}
				},
				"Leg2": {
					"rotation": {
						"0.0": {
							"vector": [0, 0, 0]
						},
						"0.25": {
							"vector": [-15, 0, 0]
						},
						"0.5417": {
							"vector": [12.5, 0, 0]
						},
						"0.875": {
							"vector": [-15, 0, 0]
						},
						"1.1667": {
							"vector": [12.5, 0, 0]
						},
						"1.4167": {
							"vector": [-15, 0, 0]
						},
						"1.7083": {
							"vector": [12.5, 0, 0]
						}
					}
				}
			}
		},
		"idle": {
			"loop": true,
			"animation_length": 1.45833,
			"bones": {
				"BodyTop": {
					"rotation": {
						"0.0": {
							"vector": [15, 0, 0]
						},
						"0.7083": {
							"vector": [22.5, 0, 0]
						},
						"1.4583": {
							"vector": [15, 0, 0]
						}
					}
				},
				"Head": {
					"rotation": {
						"0.0": {
							"vector": [0, 7.5, 0]
						},
						"0.125": {
							"vector": [0.32782, -2.82984, -0.05737]
						},
						"0.25": {
							"vector": [0.65156, 4.79952, 0.03514]
						},
						"0.375": {
							"vector": [0.32782, -2.82984, -0.05737]
						},
						"0.5": {
							"vector": [0.65156, 4.79952, 0.03514]
						},
						"0.625": {
							"vector": [0.32782, -2.82984, -0.05737]
						},
						"0.75": {
							"vector": [0.65156, 4.79952, 0.03514]
						},
						"0.875": {
							"vector": [0.32782, -2.82984, -0.05737]
						},
						"1.0": {
							"vector": [0.32782, -2.82984, -0.05737]
						},
						"1.125": {
							"vector": [0.65156, 4.79952, 0.03514]
						},
						"1.25": {
							"vector": [0.32782, -2.82984, -0.05737]
						},
						"1.375": {
							"vector": [0.65156, 4.79952, 0.03514]
						},
						"1.4167": {
							"vector": [0.32782, -2.82984, -0.05737]
						},
						"1.4583": {
							"vector": [0.65156, 4.79952, 0.03514]
						}
					}
				},
				"Arm1": {
					"rotation": {
						"0.0": {
							"vector": [-15, 0, 90]
						},
						"0.5833": {
							"vector": [-22.12382, -0.94204, 87.68417]
						},
						"0.8333": {
							"vector": [-25, 0, 90]
						},
						"1.4583": {
							"vector": [-15, 0, 90]
						}
					}
				},
				"Arm2": {
					"rotation": {
						"0.0": {
							"vector": [-15, 0, -90]
						},
						"0.5417": {
							"vector": [-22.5, 0, -90]
						},
						"0.9583": {
							"vector": [-18.98321, 0.81369, -87.63604]
						},
						"1.4583": {
							"vector": [-15, 0, -90]
						}
					}
				}
			}
		},
		"walk": {
			"loop": true,
			"animation_length": 1.5,
			"bones": {
				"Marine": {
					"rotation": {
						"0.0": {
							"vector": [0, 0, 0]
						},
						"0.5833": {
							"vector": [0, 0, -5]
						},
						"0.875": {
							"vector": [0, 0, 0]
						}
					},
					"position": {
						"0.0": {
							"vector": [0, -2, 0]
						},
						"0.2917": {
							"vector": [0, -0.5, 0]
						},
						"1.5": {
							"vector": [0, -2, 0]
						}
					}
				},
				"BodyTop": {
					"rotation": {
						"0.0": {
							"vector": [15, 0, 7.5]
						},
						"0.75": {
							"vector": [14.94548, 1.29256, 2.66955]
						},
						"1.5": {
							"vector": [15, 0, 7.5]
						}
					}
				},
				"Head": {
					"rotation": {
						"0.0": {
							"vector": [0, 0, 0]
						},
						"0.7083": {
							"vector": [0, 0, -5]
						},
						"1.5": {
							"vector": [0, 0, 0]
						}
					}
				},